use Hotel_Restaurant_Management;

-- Insert table address
Insert Into address(address_id, city, district, ward, street)
Values('add01', N'TP Hồ Chí Minh', N'Quận 10', N'Phường 15', N'25 Lý Tự Trọng');
Insert Into address(address_id, city, district, ward, street)
Values('add02', N'TP Hồ Chí Minh', N'Quận 7', N'Phường Tân Phú', N'195 Trần Cao Vân');
Insert Into address(address_id, city, district, ward, street)
Values('add03', N'TP Hồ Chí Minh', N'Quận 1', N'Phường Bến Nghé', N'87 Đường 3/2');
Insert Into address(address_id, city, district, ward, street)
Values('add04', N'TP Hồ Chí Minh', N'Quận 10', N'Phường 8', N'67 Cách Mạng Tháng 8');
SELECT * FROM address;

-- Insert table hotels
insert into hotel(hotel_id,address_hotel_id, name,contact_number, floor_count, room_count, email, star_rating, open_time, close_time)
Values('Hotel01', 'add04', N'Mường Thanh Luxury','0222898072',5,60,'muongthanh@gmail.com',5,'8:00:00','22:00:00');
insert into hotel(hotel_id,address_hotel_id, name,contact_number, floor_count, room_count, email, star_rating, open_time, close_time)
Values('Hotel02', 'add03', N'Minh Toàn Galaxy','0233897278',6,70,'minhtoan@gmail.com',4,'7:00:00','23:00:00');
insert into hotel(hotel_id, address_hotel_id, name,contact_number, floor_count, room_count, email, star_rating, open_time, close_time)
Values('Hotel03', 'add01', N'Agoda Hotel','0898900287',4,45,'agodahotel@gmail.com',3,'7:00:00','23:59:00');
insert into hotel(hotel_id,address_hotel_id, name,contact_number, floor_count, room_count, email, star_rating, open_time, close_time)
Values('Hotel04', 'add02', N'LandMark 81','0284877023',81,100,'landmark81@gmail.com',5,'8:30:00','23:00:00');
SELECT * FROM hotel;

-- Insert table department 
Insert into department(department_id, name_depart, description)
Values ('dep01', N'Quầy Tiếp Tân', N'Hướng dẫn khách hàng')
Insert into department(department_id, name_depart, description)
Values ('dep02', N'Ban Vệ Sinh', N'Dọn dẹp các phòng')
Insert into department(department_id, name_depart, description)
Values ('dep03', N'Ban Đón Khách', N'Đón khách tại cửa')
Insert into department(department_id, name_depart, description)
Values ('dep04', N'Ban Tiếp Khách', N'Tiếp và hỗ trợ khách hàng')
Insert into department(department_id, name_depart, description)
Values ('dep05', N'Ban Quản Lý', N'Quản lý và giải quyết')
SELECT * FROM department;

-- Insert table employees
Insert into employee(employee_id,emp_hotel_id,first_name,middle_name,last_name, date_ob, sex, contact_num, emp_department_id)
Values('nvmth01','Hotel01', N'Giả', N'Hành',N'Tôn', '1986-1-1', N'Nam', '0908098098', 'dep05')
Insert into employee(employee_id,emp_hotel_id,first_name,middle_name,last_name, date_ob, sex, contact_num, emp_department_id)
Values('nvmth02','Hotel01', N'Trang', N'Huyền',N'Trần', '1986-1-11', N'Nam', '0908998998', 'dep01')
Insert into employee(employee_id,emp_hotel_id,first_name,middle_name,last_name, date_ob, sex, contact_num, emp_department_id)
Values('nvmth03','Hotel01', N'Năng', N'Ngộ',N'Trư', '1986-11-1', N'Nam', '0990898921', 'dep02')
Insert into employee(employee_id,emp_hotel_id,first_name,middle_name,last_name, date_ob, sex, contact_num, emp_department_id)
Values('nvmth04','Hotel01', N'Tĩnh', N'Ngộ',N'Sa', '1986-12-10', N'Nam', '0987872812', 'dep03')
Insert into employee(employee_id,emp_hotel_id,first_name,middle_name,last_name, date_ob, sex, contact_num, emp_department_id)
Values('nvmth05','Hotel01', N'Đài', N'Văn',N'Tôn', '1988-10-1', N'Nam', '0922902230', 'dep04')
Insert into employee(employee_id,emp_hotel_id,first_name,middle_name,last_name, date_ob, sex, contact_num, emp_department_id)
Values('nvmt01','Hotel02', N'Xung', null,N'Lâm', '1999-10-1', N'Nam', '0998212123', 'dep04')
Insert into employee(employee_id,emp_hotel_id,first_name,middle_name,last_name, date_ob, sex, contact_num, emp_department_id)
Values('nvmt02','Hotel02', N'Quỳ', null,N'Lý', '1967-11-18', N'Nam', '0912786998', 'dep02')
Insert into employee(employee_id,emp_hotel_id,first_name,middle_name,last_name, date_ob, sex, contact_num, emp_department_id)
Values('nvmt03','Hotel02', N'Nữ', N'Long',N'Tiểu', '1986-9-29', N'Nữ', '0981123213', 'dep03')
Insert into employee(employee_id,emp_hotel_id,first_name,middle_name,last_name, date_ob, sex, contact_num, emp_department_id)
Values('nvmt04','Hotel02', N'Viễn', N'Văn',N'Trương', '1977-2-22', N'Nam', '0898210222', 'dep01')
Insert into employee(employee_id,emp_hotel_id,first_name,middle_name,last_name, date_ob, sex, contact_num, emp_department_id)
Values('nvagoda01','Hotel03', N'Quá', null,N'Dương', '1976-10-10', N'Nam', '0902789789', 'dep04')
Insert into employee(employee_id,emp_hotel_id,first_name,middle_name,last_name, date_ob, sex, contact_num, emp_department_id)
Values('nvagoda02','Hotel03', N'Bại', N'Cô Cầu',N'Độc', '1986-12-9', N'Nam', '0923980467', 'dep03')
Insert into employee(employee_id,emp_hotel_id,first_name,middle_name,last_name, date_ob, sex, contact_num, emp_department_id)
Values('nvagoda03','Hotel03', N'Tương', null,N'Quách', '1986-6-21', N'Nữ', '0898099777', 'dep02')
Insert into employee(employee_id,emp_hotel_id,first_name,middle_name,last_name, date_ob, sex, contact_num, emp_department_id)
Values('nvagoda04','Hotel03', N'Tĩnh', null,N'Quách', '1981-2-4', N'Nam', '0898219717', 'dep05')
Insert into employee(employee_id,emp_hotel_id,first_name,middle_name,last_name, date_ob, sex, contact_num, emp_department_id)
Values('nvlm01','Hotel04', N'Công', N'Thất',N'Hồng', '1978-12-19', N'Nam', '0998900122', 'dep01')
Insert into employee(employee_id,emp_hotel_id,first_name,middle_name,last_name, date_ob, sex, contact_num, emp_department_id)
Values('nvlm02','Hotel04', N'Tòng', null,N'Võ', '1970-8-12', N'Nam', '0676762822', 'dep03')
Insert into employee(employee_id,emp_hotel_id,first_name,middle_name,last_name, date_ob, sex, contact_num, emp_department_id)
Values('nvlm03','Hotel04', N'Sầu', N'Mạc',N'Lý', '1969-12-12', N'Nữ', '0998211211', 'dep05')
Insert into employee(employee_id,emp_hotel_id,first_name,middle_name,last_name, date_ob, sex, contact_num, emp_department_id)
Values('nvlm04','Hotel04', N'Hiếu', N'Tử',N'Tào', '1969-1-18', N'Nam', '0992811211', 'dep02')
SELECT * FROm employee;
UPDATE employee SET emp_department_id = 'dep05' where employee_id = 'nvlm03';

--Insert table room
Insert into room(room_id, hotel_id, room_number, room_type_id, price)
Values('mthroom_01', 'Hotel01', '256',null, 3000000)
Insert into room(room_id, hotel_id, room_number, room_type_id, price)
Values('mthroom_02', 'Hotel01', '345',null, 5000000)
Insert into room(room_id, hotel_id, room_number, room_type_id, price)
Values('mthroom_03', 'Hotel01', '324',null, 4000000)
Insert into room(room_id, hotel_id, room_number, room_type_id, price)
Values('mthroom_04', 'Hotel01', '546',null, 8000000)
Insert into room(room_id, hotel_id, room_number, room_type_id, price)
Values('mthroom_05', 'Hotel01', '145',null, 2000000)
Insert into room(room_id, hotel_id, room_number, room_type_id, price)
Values('mtroom_01', 'Hotel02', '201',null, 900000)
Insert into room(room_id, hotel_id, room_number, room_type_id, price)
Values('mtroom_02', 'Hotel02', '307',null, 2000000)
Insert into room(room_id, hotel_id, room_number, room_type_id, price)
Values('mtroom_03', 'Hotel02', '654',null, 5000000)
Insert into room(room_id, hotel_id, room_number, room_type_id, price)
Values('mtroom_04', 'Hotel02', '432',null, 4000000)
Insert into room(room_id, hotel_id, room_number, room_type_id, price)
Values('agoroom_01', 'Hotel03', '621',null, 2500000)
Insert into room(room_id, hotel_id, room_number, room_type_id, price)
Values('agoroom_02', 'Hotel03', '441',null, 1500000)
Insert into room(room_id, hotel_id, room_number, room_type_id, price)
Values('agoroom_03', 'Hotel03', '191',null, 1000000)
Insert into room(room_id, hotel_id, room_number, room_type_id, price)
Values('agoroom_04', 'Hotel03', '128',null, 800000)
Insert into room(room_id, hotel_id, room_number, room_type_id, price)
Values('lmroom_01', 'Hotel04', '901',null, 8000000)
Insert into room(room_id, hotel_id, room_number, room_type_id, price)
Values('lmroom_02', 'Hotel04', '905',null, 8000000)
Insert into room(room_id, hotel_id, room_number, room_type_id, price)
Values('lmroom_03', 'Hotel04', '801',null, 6000000)
Insert into room(room_id, hotel_id, room_number, room_type_id, price)
Values('lmroom_04', 'Hotel04', '702',null, 4500000)
SELECT * FROM room;

Insert into room_type(room_type_id, name, capacity)
Values('type1', N'Phòng đơn thường', 3)
Insert into room_type(room_type_id, name, capacity)
Values('type2', N'Phòng đôi thường', 7)
Insert into room_type(room_type_id, name, capacity)
Values('type3', N'Phòng đơn cao cấp có quang cảnh', 6)
Insert into room_type(room_type_id, name, capacity)
Values('type4', N'Phòng đôi cao cấp có quang cảnh', 10)
Insert into room_type(room_type_id, name, capacity)
Values('type5', N'Phòng Suite', 10)
SELECT * FROM room_type;

-- Update values for room_type_id
Update room SET room_type_id = 'type3' where room_id = 'mthroom_01';
Update room SET room_type_id = 'type4' where room_id = 'mthroom_02';
Update room SET room_type_id = 'type2' where room_id = 'mthroom_03';
Update room SET room_type_id = 'type5' where room_id = 'mthroom_04';
Update room SET room_type_id = 'type1' where room_id = 'mthroom_05';
Update room Set room_type_id = 'type1' where room_id = 'mtroom_01';
Update room Set room_type_id = 'type2' where room_id = 'mtroom_02';
Update room Set room_type_id = 'type4' where room_id = 'mtroom_03';
Update room Set room_type_id = 'type3' where room_id = 'mtroom_04';
Update room Set room_type_id = 'type4' where room_id = 'agoroom_01';
Update room Set room_type_id = 'type3' where room_id = 'agoroom_02';
Update room Set room_type_id = 'type2' where room_id = 'agoroom_03';
Update room Set room_type_id = 'type1' where room_id = 'agoroom_04';
Update room Set room_type_id = 'type5' where room_id = 'lmroom_01';
Update room Set room_type_id = 'type5' where room_id = 'lmroom_02';
Update room Set room_type_id = 'type4' where room_id = 'lmroom_03';
Update room Set room_type_id = 'type3' where room_id = 'lmroom_04';

-- Insert table guests
Insert into guest(guest_id, last_name, middle_name,first_name, date_of_birth, sex, contact_number)
Values ('guest_01', N'Chu', N'Công', N'Cẩn', '1967-8-31', N'Nam', '0905656565')
Insert into guest(guest_id, last_name, middle_name,first_name, date_of_birth, sex, contact_number)
Values ('guest_02', N'Lưu', N'Huyền', N'Đức', '1950-6-24', N'Nam', '0905236555')
Insert into guest(guest_id, last_name, middle_name,first_name, date_of_birth, sex, contact_number)
Values ('guest_03', N'Lã', N'Phụng', N'Tiên', '1962-5-15', N'Nam', '0233299122')
Insert into guest(guest_id, last_name, middle_name,first_name, date_of_birth, sex, contact_number)
Values ('guest_04', N'Hoàng', N'Nguyệt',N'Anh', '1967-9-1', N'Nữ', '0989212234')
Insert into guest(guest_id, last_name, middle_name,first_name, date_of_birth, sex, contact_number)
Values ('guest_05', N'Quan', N'Vân' ,N'Trường', '1949-2-22', N'Nam', '0898221777')
Insert into guest(guest_id, last_name, middle_name,first_name, date_of_birth, sex, contact_number)
Values ('guest_06', N'Thái', N'Vân', N'Cơ', '1959-2-22', N'Nữ', '0332123332')
Insert into guest(guest_id, last_name, middle_name,first_name, date_of_birth, sex, contact_number)
Values ('guest_07', N'Tôn', N'Thượng', N'Hương', '1956-2-22', N'Nam', '0888765666')
Insert into guest(guest_id, last_name, middle_name,first_name, date_of_birth, sex, contact_number)
Values ('guest_08', N'Tào', N'Mạnh' ,N'Đức', '1954-2-22', N'Nam', '0789212345')
Insert into guest(guest_id, last_name, middle_name,first_name, date_of_birth, sex, contact_number)
Values ('guest_09', N'Tư', N'Mã' ,N'Ý', '1950-12-25', N'Nam', '0972822322')
Insert into guest(guest_id, last_name, middle_name,first_name, date_of_birth, sex, contact_number)
Values ('guest_10', 'Tuân', NULL,N'Úc', '1945-9-21', N'Nam', '0889870623')
Insert into guest(guest_id, last_name, middle_name,first_name, date_of_birth, sex, contact_number)
Values ('guest_11', N'Lỗ', N'Tử' ,N'Kính', '1959-6-23', N'Nam', '0923012678')
Insert into guest(guest_id, last_name, middle_name,first_name, date_of_birth, sex, contact_number)
Values ('guest_12', N'Triệu',N'Tử' ,N'Long', '1945-7-28', N'Nam', '0965233244')
SELECT * FROM guest;
Update guest SET sex = N'Nữ' where guest_id = 'guest_07';

Insert into booking(booking_id, hotel_booking_id, guest_booking_id, room_booking_id,booking_date, duration_stay, checkin_date, checkout_date, payment_type)
Values('booking01', 'Hotel01', 'guest_12', 'mthroom_05','2022-2-2', 3, '2022-2-3', '2022-2-6', 'Credit Card')
Insert into booking(booking_id, hotel_booking_id, guest_booking_id, room_booking_id,booking_date, duration_stay, checkin_date, checkout_date, payment_type)
Values('booking02', 'Hotel04', 'guest_09','lmroom_01' ,'2022-4-5', 4, '2022-4-8', '2022-4-12', 'Cash')
Insert into booking(booking_id, hotel_booking_id, guest_booking_id, room_booking_id,booking_date, duration_stay, checkin_date, checkout_date, payment_type)
Values('booking03', 'Hotel03', 'guest_02', 'mtroom_04','2022-3-4', 2, '2022-3-6', '2022-3-8', 'Credit Card')
Insert into booking(booking_id, hotel_booking_id, guest_booking_id, room_booking_id,booking_date, duration_stay, checkin_date, checkout_date, payment_type)
Values('booking04', 'Hotel01', 'guest_03', 'mthroom_03','2022-1-21', 5, '2022-1-26', '2022-1-31', 'E-payment')
Insert into booking(booking_id, hotel_booking_id, guest_booking_id, room_booking_id,booking_date, duration_stay, checkin_date, checkout_date, payment_type)
Values('booking05', 'Hotel04', 'guest_04', 'lmroom_02','2022-3-12', 3, '2022-3-12', '2022-3-15', 'Credit Card')
Insert into booking(booking_id, hotel_booking_id, guest_booking_id, room_booking_id,booking_date, duration_stay, checkin_date, checkout_date, payment_type)
Values('booking06', 'Hotel03', 'guest_11', 'agoroom_01','2022-4-4', 7, '2022-4-6', '2022-4-11', 'Cash')
Insert into booking(booking_id, hotel_booking_id, guest_booking_id, room_booking_id,booking_date, duration_stay, checkin_date, checkout_date, payment_type)
Values('booking07', 'Hotel02', 'guest_05', 'mtroom_03','2022-2-2', 4, '2022-2-8', '2022-2-12', 'Cash')
Insert into booking(booking_id, hotel_booking_id, guest_booking_id, room_booking_id,booking_date, duration_stay, checkin_date, checkout_date, payment_type)
Values('booking08', 'Hotel02', 'guest_10', 'mtroom_04','2022-4-6', 5, '2022-4-9', '2022-4-14', 'E-payment')
Insert into booking(booking_id, hotel_booking_id, guest_booking_id, room_booking_id,booking_date, duration_stay, checkin_date, checkout_date, payment_type)
Values('booking09', 'Hotel03', 'guest_06', 'agoroom_02','2022-1-9', 5, '2022-1-11', '2022-1-16', 'Credit Card')
Insert into booking(booking_id, hotel_booking_id, guest_booking_id, room_booking_id,booking_date, duration_stay, checkin_date, checkout_date, payment_type)
Values('booking10', 'Hotel04', 'guest_07', 'lmroom_03','2022-8-14', 4, '2022-8-15', '2022-8-19', 'Cash')
Insert into booking(booking_id, hotel_booking_id, guest_booking_id, room_booking_id,booking_date, duration_stay, checkin_date, checkout_date, payment_type)
Values('booking11', 'Hotel02', 'guest_08', 'mtroom_01','2022-1-1', 10, '2022-1-1', '2022-1-11', 'Credit Card')
Insert into booking(booking_id, hotel_booking_id, guest_booking_id, room_booking_id,booking_date, duration_stay, checkin_date, checkout_date, payment_type)
Values('booking12', 'Hotel03', 'guest_01', 'agoroom_01','2022-2-4', 7, '2022-2-6', '2022-2-13', 'Credit Card')
Insert into booking(booking_id, hotel_booking_id, guest_booking_id, room_booking_id,booking_date, duration_stay, checkin_date, checkout_date, payment_type)
Values('booking13', 'Hotel04', 'guest_02', 'lmroom_03','2022-2-12', 9, '2022-2-12', '2022-2-21', 'Cash')
Insert into booking(booking_id, hotel_booking_id, guest_booking_id, room_booking_id,booking_date, duration_stay, checkin_date, checkout_date, payment_type)
Values('booking14', 'Hotel01', 'guest_04', 'mthroom_04','2022-2-28', 8, '2022-3-1', '2022-3-9', 'Credit Card')
Insert into booking(booking_id, hotel_booking_id, guest_booking_id, room_booking_id,booking_date, duration_stay, checkin_date, checkout_date, payment_type)
Values('booking15', 'Hotel02', 'guest_05', 'mtroom_03','2022-6-30', 9, '2022-7-1', '2022-7-16', 'Credit Card')
Insert into booking(booking_id, hotel_booking_id, guest_booking_id, room_booking_id,booking_date, duration_stay, checkin_date, checkout_date, payment_type)
Values('booking16', 'Hotel01', 'guest_09', 'mthroom_05','2022-7-8', 4, '2022-7-12', '2022-7-16', 'Cash')
Insert into booking(booking_id, hotel_booking_id, guest_booking_id, room_booking_id,booking_date, duration_stay, checkin_date, checkout_date, payment_type)
Values('booking17', 'Hotel02', 'guest_12', 'mtroom_04','2022-7-29', 5, '2022-8-1', '2022-8-6', 'E-payment')
Insert into booking(booking_id, hotel_booking_id, guest_booking_id, room_booking_id,booking_date, duration_stay, checkin_date, checkout_date, payment_type)
Values('booking18', 'Hotel03', 'guest_11', 'agoroom_04','2022-9-1', 6, '2022-9-1', '2022-9-7', 'Credit Card')
Insert into booking(booking_id, hotel_booking_id, guest_booking_id, room_booking_id,booking_date, duration_stay, checkin_date, checkout_date, payment_type)
Values('booking19', 'Hotel04', 'guest_07', 'lmroom_03','2022-9-21', 2, '2022-9-23', '2022-9-25', 'Cash')
Insert into booking(booking_id, hotel_booking_id, guest_booking_id, room_booking_id,booking_date, duration_stay, checkin_date, checkout_date, payment_type)
Values('booking20', 'Hotel02', 'guest_08', 'mtroom_04','2022-10-2', 1, '2022-10-3', '2022-10-4', 'Credit Card')
Insert into booking(booking_id, hotel_booking_id, guest_booking_id, room_booking_id,booking_date, duration_stay, checkin_date, checkout_date, payment_type)
Values('booking21', 'Hotel01', 'guest_12', 'mthroom_04','2022-11-11', 2, '2022-11-18', '2022-11-20', 'Credit Card')
Insert into booking(booking_id, hotel_booking_id, guest_booking_id, room_booking_id,booking_date, duration_stay, checkin_date, checkout_date, payment_type)
Values('booking22', 'Hotel04', 'guest_06', 'lmroom_02','2022-3-3', 3, '2022-3-6', '2022-3-9', 'Credit Card')
Insert into booking(booking_id, hotel_booking_id, guest_booking_id, room_booking_id,booking_date, duration_stay, checkin_date, checkout_date, payment_type)
Values('booking23', 'Hotel01', 'guest_09', 'mthroom_01','2022-10-4', 3, '2022-10-7', '2022-10-10', 'Cash')
Insert into booking(booking_id, hotel_booking_id, guest_booking_id, room_booking_id,booking_date, duration_stay, checkin_date, checkout_date, payment_type)
Values('booking24', 'Hotel04', 'guest_11', 'lmroom_03','2022-10-6', 3, '2022-10-6', '2022-10-9', 'Credit Card')
Insert into booking(booking_id, hotel_booking_id, guest_booking_id, room_booking_id,booking_date, duration_stay, checkin_date, checkout_date, payment_type)
Values('booking25', 'Hotel01', 'guest_05', 'mthroom_03','2022-11-7', 3, '2022-11-11', '2022-11-14', 'Credit Card')
Insert into booking(booking_id, hotel_booking_id, guest_booking_id, room_booking_id,booking_date, duration_stay, checkin_date, checkout_date, payment_type)
Values('booking26', 'Hotel01', 'guest_04', 'mthroom_04','2022-12-8', 3, '2022-12-11', '2022-12-14', 'Credit Card')
Insert into booking(booking_id, hotel_booking_id, guest_booking_id, room_booking_id,booking_date, duration_stay, checkin_date, checkout_date, payment_type)
Values('booking27', 'Hotel02', 'guest_05', 'mthroom_01','2022-12-8', 3, '2022-12-11', '2022-12-14', 'Credit Card')
Insert into booking(booking_id, hotel_booking_id, guest_booking_id, room_booking_id,booking_date, duration_stay, checkin_date, checkout_date, payment_type)
Values('booking28', 'Hotel03', 'guest_09', 'agoroom_01','2022-11-10', 3, '2022-11-11', '2022-11-14', 'Credit Card')

-- Delete some row in table booking
DELETE FROM booking where booking_id = 'booking27';
DELETE FROM booking where booking_id = 'booking28';
SELECT * FROM booking;

Insert into hotel_service(service_id, hotel_id, service_name, price, description)
Values('serv_mth01', 'Hotel01', N'Hồ bơi', 500000, N'Sử dụng hồ bơi của khách sạn')
Insert into hotel_service(service_id, hotel_id, service_name, price, description)
Values('serv_mth02', 'Hotel01', N'Giặt Ủi', 100000, N'Giặt ủi quần áo')
Insert into hotel_service(service_id, hotel_id, service_name, price, description)
Values('serv_mth03', 'Hotel01', N'Đổi tiền', 50000, N'Đổi tiền tệ')
Insert into hotel_service(service_id, hotel_id, service_name, price, description)
Values('serv_mt01', 'Hotel02', N'Tổ chức tiệc', 1000000, N'Tổ chức tiệc theo yêu cầu')
Insert into hotel_service(service_id, hotel_id, service_name, price, description)
Values('serv_mt02', 'Hotel02', N'Gym', 100000, N'Sử dụng phòng tập gym')
Insert into hotel_service(service_id, hotel_id, service_name, price, description)
Values('serv_ago01', 'Hotel03', N'Hồ bơi', 150000, N'Sử dụng hồ bơi của khách sạn')
Insert into hotel_service(service_id, hotel_id, service_name, price, description)
Values('serv_ago02', 'Hotel03', N'Phòng Dịch Vụ 24h', 600000, N'Chăm sóc khách hàng trong 24h')
Insert into hotel_service(service_id, hotel_id, service_name, price, description)
Values('serv_lm01', 'Hotel04', N'Hồ bơi', 500000, N'Sử dụng hồ bơi của khách sạn')
Insert into hotel_service(service_id, hotel_id, service_name, price, description)
Values('serv_lm02', 'Hotel04', N'Phòng Giải Trí', 450000, N'Đọc sách hoặc xem phim')
SELECT * FROM hotel_service;

Insert Into service_used(service_used_id, hotel_service_id, service_booking_id, count)
Values('used_01', 'serv_mth01', 'booking01', 1);
Insert Into service_used(service_used_id, hotel_service_id, service_booking_id, count)
Values('used_02', 'serv_mth03', 'booking01', 2);
Insert Into service_used(service_used_id, hotel_service_id, service_booking_id, count)
Values('used_03', 'serv_lm02', 'booking04', 2);
Insert Into service_used(service_used_id, hotel_service_id, service_booking_id, count)
Values('used_04', 'serv_mt01', 'booking07', 1);
Insert Into service_used(service_used_id, hotel_service_id, service_booking_id, count)
Values('used_05', 'serv_lm01', 'booking22', 3);
Insert Into service_used(service_used_id, hotel_service_id, service_booking_id, count)
Values('used_06', 'serv_ago01', 'booking18', 1);
Insert Into service_used(service_used_id, hotel_service_id, service_booking_id, count)
Values('used_07', 'serv_ago02', 'booking06', 2);
Insert Into service_used(service_used_id, hotel_service_id, service_booking_id, count)
Values('used_08', 'serv_mt01', 'booking11', 2);
Insert Into service_used(service_used_id, hotel_service_id, service_booking_id, count)
Values('used_09', 'serv_mth02', 'booking16', 1);
Insert Into service_used(service_used_id, hotel_service_id, service_booking_id, count)
Values('used_10', 'serv_mth01', 'booking01', 2);
Insert Into service_used(service_used_id, hotel_service_id, service_booking_id, count)
Values('used_11', 'serv_lm02', 'booking24', 1);
Insert Into service_used(service_used_id, hotel_service_id, service_booking_id, count)
Values('used_12', 'serv_mth01', 'booking25', 3);
Insert Into service_used(service_used_id, hotel_service_id, service_booking_id, count)
Values('used_13', 'serv_mth01', 'booking21', 2);
Insert Into service_used(service_used_id, hotel_service_id, service_booking_id, count)
Values('used_14', 'serv_mth02', 'booking21', 1);
Insert Into service_used(service_used_id, hotel_service_id, service_booking_id, count)
Values('used_15', 'serv_mth02', 'booking23', 2);
Insert Into service_used(service_used_id, hotel_service_id, service_booking_id, count)
Values('used_16', 'serv_lm01', 'booking19', 1);
Insert Into service_used(service_used_id, hotel_service_id, service_booking_id, count)
Values('used_17', 'serv_ago01', 'booking18', 1);
Insert Into service_used(service_used_id, hotel_service_id, service_booking_id, count)
Values('used_18', 'serv_mt02', 'booking17', 3);
SELECT * FROM service_used;

insert into restaurant(res_id, hotel_id, name, contact)
Values ('res_01', 'Hotel01', N'Mường Thanh Restaurant', 'muongthanh.resto@gmail.com');
insert into restaurant(res_id, hotel_id, name, contact)
Values ('res_02', 'Hotel02', N'Minh Toàn Restaurant', 'minhtoan.resto@gmail.com');
insert into restaurant(res_id, hotel_id, name, contact)
Values ('res_03', 'Hotel03', 'Agoda Restaurant', 'agoda.resto@gmail.com');
insert into restaurant(res_id, hotel_id, name, contact)
Values ('res_04', 'Hotel04', 'Land Mark Restaurant', 'landmark.resto@gmail.com');
SELECT * FROM restaurant;

insert into menu(menu_id, res_id, name)
values('menu_mth', 'res_01', N'Mường Thanh Menu')
insert into menu(menu_id, res_id, name)
values('menu_mt', 'res_02', N'Minh Toàn Menu')
insert into menu(menu_id, res_id, name)
values('menu_ago', 'res_03', N'Agoda Menu')
insert into menu(menu_id, res_id, name)
values('menu_lm', 'res_04', N'Land Mark Menu')
SELECT * FROM menu;

insert into dish_name(dish_id, menu_id, dish_name, price, description)
values ('MTH_dish01', 'menu_mth', N'Cơm chiên dương châu', 100000, N'Cơm chiên dương châu')
insert into dish_name(dish_id, menu_id, dish_name, price, description)
values ('MTH_dish02', 'menu_mth', N'Cá hồi áp chảo', 450000, N'Cá hồi áp chảo')
insert into dish_name(dish_id, menu_id, dish_name, price, description)
values ('MTH_dish03', 'menu_mth', N'Bò bít tết', 500000, N'Bò bít tết')
insert into dish_name(dish_id, menu_id, dish_name, price, description)
values ('MTH_dish04', 'menu_mth', N'Súp kem nấm', 120000, N'Súp kem nấm')
insert into dish_name(dish_id, menu_id, dish_name, price, description)
values ('MTH_dish05', 'menu_mth', N'Cá ngừ & mù tạt', 200000, N'Cá ngừ & mù tạt')
insert into dish_name(dish_id, menu_id, dish_name, price, description)
values ('MTH_dish06', 'menu_mth', N'Cà phê và bánh', 50000, N'Cà phê và bánh')
insert into dish_name(dish_id, menu_id, dish_name, price, description)
values ('MTH_dish07', 'menu_mth', N'Nước cam', 40000, N'Nước cam')
insert into dish_name(dish_id, menu_id, dish_name, price, description)
values ('MT_dish01', 'menu_mt', N'Gà nướng', 100000, N'Gà nướng')
insert into dish_name(dish_id, menu_id, dish_name, price, description)
values ('MT_dish02', 'menu_mt', N'Salad cá ngừ', 80000, N'Salad cá ngừ')
insert into dish_name(dish_id, menu_id, dish_name, price, description)
values ('MT_dish03', 'menu_mt', N'Sườn nướng', 200000, N'Sườn nướng')
insert into dish_name(dish_id, menu_id, dish_name, price, description)
values ('MT_dish04', 'menu_mt', N'Mỳ ý', 70000, N'Mỳ ý')
insert into dish_name(dish_id, menu_id, dish_name, price, description)
values ('MT_dish05', 'menu_mt', N'Súp cua', 70000, N'Súp cua')
insert into dish_name(dish_id, menu_id, dish_name, price, description)
values ('MT_dish06', 'menu_mt', N'Cà phê sữa', 25000, N'Cà phê sữa')
insert into dish_name(dish_id, menu_id, dish_name, price, description)
values ('MT_dish07', 'menu_mt', N'Nước rau má', 30000, N'Nước rau má')
insert into dish_name(dish_id, menu_id, dish_name, price, description)
values ('AGO_dish01', 'menu_ago', N'Cua hấp', 90000, N'Cua hấp')
insert into dish_name(dish_id, menu_id, dish_name, price, description)
values ('AGO_dish02', 'menu_ago', N'Bò hấp', 100000, N'Bò hấp')
insert into dish_name(dish_id, menu_id, dish_name, price, description)
values ('AGO_dish03', 'menu_ago', N'Tôm hấp', 80000, N'Tôm hấp')
insert into dish_name(dish_id, menu_id, dish_name, price, description)
values ('AGO_dish04', 'menu_ago', N'Gà hấp', 60000, N'Gà hấp')
insert into dish_name(dish_id, menu_id, dish_name, price, description)
values ('AGO_dish05', 'menu_ago', N'Cá hấp', 75000, N'Cá hấp')
insert into dish_name(dish_id, menu_id, dish_name, price, description)
values ('AGO_dish06', 'menu_ago', N'Cà phê', 29000, N'Cà phê')
insert into dish_name(dish_id, menu_id, dish_name, price, description)
values ('AGO_dish07', 'menu_ago', N'Nước bí đao', 15000, N'Nước bí đao')
insert into dish_name(dish_id, menu_id, dish_name, price, description)
values ('LM_dish01', 'menu_lm', N'Tôm hùm hấp', 600000, N'Tôm hùm hấp')
insert into dish_name(dish_id, menu_id, dish_name, price, description)
values ('LM_dish02', 'menu_lm', N'Súp bí ngô', 150000, N'Súp bí ngô')
insert into dish_name(dish_id, menu_id, dish_name, price, description)
values ('LM_dish03', 'menu_lm', N'Bò sốt tiêu đen', 700000, N'Bò sốt tiêu')
insert into dish_name(dish_id, menu_id, dish_name, price, description)
values ('LM_dish04', 'menu_lm', N'Mỳ ý bò bằm', 200000, N'Mỳ ý bò bằm')
insert into dish_name(dish_id, menu_id, dish_name, price, description)
values ('LM_dish05', 'menu_lm', N'Salad rau củ', 100000, N'Salad rau củ')
insert into dish_name(dish_id, menu_id, dish_name, price, description)
values ('LM_dish06', 'menu_lm', N'Cà phê và trái cây', 80000, N'Cà phê và trái cây')
insert into dish_name(dish_id, menu_id, dish_name, price, description)
values ('LM_dish07', 'menu_lm', N'Nước trái cây các loại', 30000, N'Nước trái cây các loại')
SELECT * FROM dish_name;

insert into meal (meal_id, booking_id, menu_id, time)
values('meal_01', 'booking12', 'menu_ago', N'Sáng')
insert into meal (meal_id, booking_id, menu_id, time)
values('meal_02', 'booking12', 'menu_ago', N'Tối')
insert into meal (meal_id, booking_id, menu_id, time)
values('meal_03', 'booking03', 'menu_ago', N'Sáng')
insert into meal (meal_id, booking_id, menu_id, time)
values('meal_04', 'booking03', 'menu_ago', N'Trưa')
insert into meal (meal_id, booking_id, menu_id, time)
values('meal_05', 'booking03', 'menu_ago', N'Tối')
insert into meal (meal_id, booking_id, menu_id, time)
values('meal_06', 'booking06', 'menu_ago', N'Sáng')
insert into meal (meal_id, booking_id, menu_id, time)
values('meal_07', 'booking06', 'menu_ago', N'Trưa')
insert into meal (meal_id, booking_id, menu_id, time)
values('meal_08', 'booking09', 'menu_ago', N'Trưa')
insert into meal (meal_id, booking_id, menu_id, time)
values('meal_09', 'booking18', 'menu_ago', N'Sáng')
insert into meal (meal_id, booking_id, menu_id, time)
values('meal_10', 'booking18', 'menu_ago', N'Trưa')
insert into meal (meal_id, booking_id, menu_id, time)
values('meal_11', 'booking18', 'menu_ago', N'Trưa')
insert into meal (meal_id, booking_id, menu_id, time)
values('meal_12', 'booking07', 'menu_mt', N'Sáng')
insert into meal (meal_id, booking_id, menu_id, time)
values('meal_13', 'booking08', 'menu_mt', N'Trưa')
insert into meal (meal_id, booking_id, menu_id, time)
values('meal_14', 'booking08', 'menu_mt', N'Tối')
insert into meal (meal_id, booking_id, menu_id, time)
values('meal_15', 'booking11', 'menu_mt', N'Trưa')
insert into meal (meal_id, booking_id, menu_id, time)
values('meal_16', 'booking11', 'menu_mt', N'Tối')
insert into meal (meal_id, booking_id, menu_id, time)
values('meal_17', 'booking15', 'menu_mt', N'Sáng')
insert into meal (meal_id, booking_id, menu_id, time)
values('meal_18', 'booking15', 'menu_mt', N'Tối')
insert into meal (meal_id, booking_id, menu_id, time)
values('meal_19', 'booking17', 'menu_mt', N'Sáng')
insert into meal (meal_id, booking_id, menu_id, time)
values('meal_20', 'booking17', 'menu_mt', N'Trưa')
insert into meal (meal_id, booking_id, menu_id, time)
values('meal_21', 'booking20', 'menu_mt', N'Sáng')
insert into meal (meal_id, booking_id, menu_id, time)
values('meal_22', 'booking20', 'menu_mt', N'Trưa')
insert into meal (meal_id, booking_id, menu_id, time)
values('meal_23', 'booking01', 'menu_mth', N'Sáng')
insert into meal (meal_id, booking_id, menu_id, time)
values('meal_24', 'booking01', 'menu_mth', N'Tối')
insert into meal (meal_id, booking_id, menu_id, time)
values('meal_25', 'booking04', 'menu_mth', N'Trưa')
insert into meal (meal_id, booking_id, menu_id, time)
values('meal_26', 'booking04', 'menu_mth', N'Tối')
insert into meal (meal_id, booking_id, menu_id, time)
values('meal_27', 'booking14', 'menu_mth', N'Sáng')
insert into meal (meal_id, booking_id, menu_id, time)
values('meal_28', 'booking14', 'menu_mth', N'Trưa')
insert into meal (meal_id, booking_id, menu_id, time)
values('meal_29', 'booking14', 'menu_mth', N'Tối')
insert into meal (meal_id, booking_id, menu_id, time)
values('meal_30', 'booking16', 'menu_mth', N'Trưa')
insert into meal (meal_id, booking_id, menu_id, time)
values('meal_31', 'booking21', 'menu_mth', N'Sáng')
insert into meal (meal_id, booking_id, menu_id, time)
values('meal_32', 'booking21', 'menu_mth', N'Tối')
insert into meal (meal_id, booking_id, menu_id, time)
values('meal_33', 'booking23', 'menu_mth', N'Tối')
insert into meal (meal_id, booking_id, menu_id, time)
values('meal_34', 'booking25', 'menu_mth', N'Trưa')
insert into meal (meal_id, booking_id, menu_id, time)
values('meal_35', 'booking25', 'menu_mth', N'Tối')
insert into meal (meal_id, booking_id, menu_id, time)
values('meal_36', 'booking02', 'menu_lm', N'Sáng')
insert into meal (meal_id, booking_id, menu_id, time)
values('meal_37', 'booking02', 'menu_lm', N'Trưa')
insert into meal (meal_id, booking_id, menu_id, time)
values('meal_38', 'booking05', 'menu_lm', N'Trưa')
insert into meal (meal_id, booking_id, menu_id, time)
values('meal_39', 'booking05', 'menu_lm', N'Tối')
insert into meal (meal_id, booking_id, menu_id, time)
values('meal_40', 'booking10', 'menu_lm', N'Sáng')
insert into meal (meal_id, booking_id, menu_id, time)
values('meal_41', 'booking10', 'menu_lm', N'Tối')
insert into meal (meal_id, booking_id, menu_id, time)
values('meal_42', 'booking13', 'menu_lm', N'Trưa')
insert into meal (meal_id, booking_id, menu_id, time)
values('meal_43', 'booking13', 'menu_lm', N'Trưa')
insert into meal (meal_id, booking_id, menu_id, time)
values('meal_44', 'booking19', 'menu_lm', N'Sáng')
insert into meal (meal_id, booking_id, menu_id, time)
values('meal_45', 'booking19', 'menu_lm', N'Tối')
insert into meal (meal_id, booking_id, menu_id, time)
values('meal_46', 'booking22', 'menu_lm', N'Sáng')
insert into meal (meal_id, booking_id, menu_id, time)
values('meal_47', 'booking22', 'menu_lm', N'Tối')
insert into meal (meal_id, booking_id, menu_id, time)
values('meal_48', 'booking24', 'menu_lm', N'Sáng')
insert into meal (meal_id, booking_id, menu_id, time)
values('meal_49', 'booking24', 'menu_lm', N'Trưa')
insert into meal (meal_id, booking_id, menu_id, time)
values('meal_50', 'booking24', 'menu_lm', N'Sáng')
SELECT * FROM meal;

insert into meal_detail(meal_id, dish_id, amount)
Values('meal_01', 'AGO_dish01', 1)
insert into meal_detail(meal_id, dish_id, amount)
Values('meal_02', 'AGO_dish02', 1)
insert into meal_detail(meal_id, dish_id, amount)
Values('meal_02', 'AGO_dish07', 1)
insert into meal_detail(meal_id, dish_id, amount)
Values('meal_03', 'AGO_dish02', 1)
insert into meal_detail(meal_id, dish_id, amount)
Values('meal_04', 'AGO_dish03', 1)
insert into meal_detail(meal_id, dish_id, amount)
Values('meal_04', 'AGO_dish06', 1)
insert into meal_detail(meal_id, dish_id, amount)
Values('meal_05', 'AGO_dish04', 1)
insert into meal_detail(meal_id, dish_id, amount)
Values('meal_06', 'AGO_dish01', 1)
insert into meal_detail(meal_id, dish_id, amount)
Values('meal_07', 'AGO_dish02', 1)
insert into meal_detail(meal_id, dish_id, amount)
Values('meal_09', 'AGO_dish02', 1)
insert into meal_detail(meal_id, dish_id, amount)
Values('meal_10', 'AGO_dish03', 1)
insert into meal_detail(meal_id, dish_id, amount)
Values('meal_11', 'AGO_dish01', 1)
insert into meal_detail(meal_id, dish_id, amount)
Values('meal_11', 'AGO_dish07', 1)
insert into meal_detail(meal_id, dish_id, amount)
Values('meal_12', 'MT_dish06', 2)
insert into meal_detail(meal_id, dish_id, amount)
Values('meal_13', 'MT_dish01', 1)
insert into meal_detail(meal_id, dish_id, amount)
Values('meal_14', 'MT_dish02', 1)
insert into meal_detail(meal_id, dish_id, amount)
Values('meal_14', 'MT_dish06', 2)
insert into meal_detail(meal_id, dish_id, amount)
Values('meal_15', 'MT_dish05', 1)
insert into meal_detail(meal_id, dish_id, amount)
Values('meal_16', 'MT_dish05', 1)
insert into meal_detail(meal_id, dish_id, amount)
Values('meal_17', 'MT_dish05', 1)
insert into meal_detail(meal_id, dish_id, amount)
Values('meal_18', 'MT_dish02', 1)
insert into meal_detail(meal_id, dish_id, amount)
Values('meal_19', 'MT_dish04', 1)
insert into meal_detail(meal_id, dish_id, amount)
Values('meal_20', 'MT_dish05', 1)
insert into meal_detail(meal_id, dish_id, amount)
Values('meal_21', 'MT_dish03', 1)
insert into meal_detail(meal_id, dish_id, amount)
Values('meal_22', 'MT_dish04', 1)
insert into meal_detail(meal_id, dish_id, amount)
Values('meal_22', 'MT_dish06', 1)
insert into meal_detail(meal_id, dish_id, amount)
Values('meal_23', 'MTH_dish01', 1)
insert into meal_detail(meal_id, dish_id, amount)
Values('meal_24', 'MTH_dish05', 1)
insert into meal_detail(meal_id, dish_id, amount)
Values('meal_24', 'MTH_dish06', 1)
insert into meal_detail(meal_id, dish_id, amount)
Values('meal_25', 'MTH_dish07', 1)
insert into meal_detail(meal_id, dish_id, amount)
Values('meal_26', 'MTH_dish02', 1)
insert into meal_detail(meal_id, dish_id, amount)
Values('meal_27', 'MTH_dish04', 1)
insert into meal_detail(meal_id, dish_id, amount)
Values('meal_28', 'MTH_dish05', 1)
insert into meal_detail(meal_id, dish_id, amount)
Values('meal_29', 'MTH_dish01', 1)
insert into meal_detail(meal_id, dish_id, amount)
Values('meal_29', 'MTH_dish07', 1)
insert into meal_detail(meal_id, dish_id, amount)
Values('meal_30', 'MTH_dish04', 1)
insert into meal_detail(meal_id, dish_id, amount)
Values('meal_31', 'MTH_dish01', 1)
insert into meal_detail(meal_id, dish_id, amount)
Values('meal_32', 'MTH_dish02', 1)
insert into meal_detail(meal_id, dish_id, amount)
Values('meal_33', 'MTH_dish03', 1)
insert into meal_detail(meal_id, dish_id, amount)
Values('meal_34', 'MTH_dish02', 1)
insert into meal_detail(meal_id, dish_id, amount)
Values('meal_35', 'MTH_dish01', 1)
insert into meal_detail(meal_id, dish_id, amount)
Values('meal_35', 'MTH_dish06', 1)
insert into meal_detail(meal_id, dish_id, amount)
Values('meal_36', 'LM_dish01', 1)
insert into meal_detail(meal_id, dish_id, amount)
Values('meal_37', 'LM_dish02', 1)
insert into meal_detail(meal_id, dish_id, amount)
Values('meal_38', 'LM_dish03', 1)
insert into meal_detail(meal_id, dish_id, amount)
Values('meal_39', 'LM_dish04', 1)
insert into meal_detail(meal_id, dish_id, amount)
Values('meal_39', 'LM_dish06', 1)
insert into meal_detail(meal_id, dish_id, amount)
Values('meal_40', 'LM_dish01', 1)
insert into meal_detail(meal_id, dish_id, amount)
Values('meal_41', 'LM_dish01', 1)
insert into meal_detail(meal_id, dish_id, amount)
Values('meal_42', 'LM_dish02', 1)
insert into meal_detail(meal_id, dish_id, amount)
Values('meal_43', 'LM_dish03', 1)
insert into meal_detail(meal_id, dish_id, amount)
Values('meal_44', 'LM_dish04', 1)
insert into meal_detail(meal_id, dish_id, amount)
Values('meal_45', 'LM_dish05', 1)
insert into meal_detail(meal_id, dish_id, amount)
Values('meal_45', 'LM_dish07', 2)
insert into meal_detail(meal_id, dish_id, amount)
Values('meal_46', 'LM_dish01', 1)
insert into meal_detail(meal_id, dish_id, amount)
Values('meal_47', 'LM_dish04', 1)
insert into meal_detail(meal_id, dish_id, amount)
Values('meal_36', 'LM_dish05', 1)
insert into meal_detail(meal_id, dish_id, amount)
Values('meal_48', 'LM_dish02', 1)
insert into meal_detail(meal_id, dish_id, amount)
Values('meal_49', 'LM_dish02', 1)
insert into meal_detail(meal_id, dish_id, amount)
Values('meal_50', 'LM_dish03', 1)
SELECT * FROM meal_detail;

insert into waiter(waiter_id, res_id, lname, mname, fname, dob, sex)
values('mth_waiter01', 'res_01', N'Hạ', N'Hầu', N'Đôn', '1988-01-12', N'Nam')
insert into waiter(waiter_id, res_id, lname, mname, fname, dob, sex)
values('mth_waiter02', 'res_01', N'Hạ', N'Hầu', N'Uyên', '1988-02-12', N'Nam')
insert into waiter(waiter_id, res_id, lname, mname, fname, dob, sex)
values('mth_waiter03', 'res_01', N'Quách', null, N'Gia', '1970-03-17', N'Nam')
insert into waiter(waiter_id, res_id, lname, mname, fname, dob, sex)
values('mth_waiter04', 'res_01', N'Công', N'Tôn', N'Toản', '1968-04-21', N'Nam')
insert into waiter(waiter_id, res_id, lname, mname, fname, dob, sex)
values('mth_waiter05', 'res_01', N'Gia', N'Cát', N'Cẩn', '1978-10-12', N'Nam')
insert into waiter(waiter_id, res_id, lname, mname, fname, dob, sex)
values('mt_waiter01', 'res_02', N'Đổng', null, N'Trác', '1975-01-21', N'Nam')
insert into waiter(waiter_id, res_id, lname, mname, fname, dob, sex)
values('mt_waiter02', 'res_02', N'Hoàng', N'Hán', N'Thăng', '1971-02-22', N'Nam')
insert into waiter(waiter_id, res_id, lname, mname, fname, dob, sex)
values('mt_waiter03', 'res_02', N'Mã', N'Mạnh', N'Khởi', '1978-01-25', N'Nam')
insert into waiter(waiter_id, res_id, lname, mname, fname, dob, sex)
values('mt_waiter04', 'res_02', N'Lưu', N'Cảnh', N'Thăng', '1969-06-23', N'Nam')
insert into waiter(waiter_id, res_id, lname, mname, fname, dob, sex)
values('ago_waiter01', 'res_03', N'Lã', N'Tử', N'Minh', '1975-12-21', N'Nam')
insert into waiter(waiter_id, res_id, lname, mname, fname, dob, sex)
values('ago_waiter02', 'res_03', N'Điển', null, N'Vi', '1971-02-27', N'Nam')
insert into waiter(waiter_id, res_id, lname, mname, fname, dob, sex)
values('ago_waiter03', 'res_03', N'Lý', N'Man', N'Thành', '1970-03-22', N'Nam')
insert into waiter(waiter_id, res_id, lname, mname, fname, dob, sex)
values('ago_waiter04', 'res_03', N'Chu', null, N'Thương', '1968-03-03', N'Nam')
insert into waiter(waiter_id, res_id, lname, mname, fname, dob, sex)
values('lm_waiter01', 'res_04', N'Trương', N'Dực', N'Đức', '1971-05-22', N'Nam')
insert into waiter(waiter_id, res_id, lname, mname, fname, dob, sex)
values('lm_waiter02', 'res_04', N'Giản', null, N'Ung', '1974-02-10', N'Nam')
insert into waiter(waiter_id, res_id, lname, mname, fname, dob, sex)
values('lm_waiter03', 'res_04', N'Mã', N'Mạnh', N'Khang', '1975-06-02', N'Nam')
insert into waiter(waiter_id, res_id, lname, mname, fname, dob, sex)
values('lm_waiter04', 'res_04', N'Hoa', N'Diệp', N'Hùng', '1975-08-22', N'Nam')
SELECT * FROM waiter;
Update waiter set fname = N'Khang' where waiter_id = 'lm_waiter03';

insert into serve(meal_id, waiter_id)
values('meal_01', 'ago_waiter01')
insert into serve(meal_id, waiter_id)
values('meal_02', 'ago_waiter01')
insert into serve(meal_id, waiter_id)
values('meal_02', 'ago_waiter04')
insert into serve(meal_id, waiter_id)
values('meal_03', 'ago_waiter01')
insert into serve(meal_id, waiter_id)
values('meal_03', 'ago_waiter03')
insert into serve(meal_id, waiter_id)
values('meal_04', 'ago_waiter04')
insert into serve(meal_id, waiter_id)
values('meal_05', 'ago_waiter04')
insert into serve(meal_id, waiter_id)
values('meal_05', 'ago_waiter03')
insert into serve(meal_id, waiter_id)
values('meal_06', 'ago_waiter03')
insert into serve(meal_id, waiter_id)
values('meal_07', 'ago_waiter01')
insert into serve(meal_id, waiter_id)
values('meal_07', 'ago_waiter02')
insert into serve(meal_id, waiter_id)
values('meal_07', 'ago_waiter03')
insert into serve(meal_id, waiter_id)
values('meal_08', 'ago_waiter04')
insert into serve(meal_id, waiter_id)
values('meal_09', 'ago_waiter03')
insert into serve(meal_id, waiter_id)
values('meal_10', 'ago_waiter03')
insert into serve(meal_id, waiter_id)
values('meal_11', 'ago_waiter01')
insert into serve(meal_id, waiter_id)
values('meal_11', 'ago_waiter03')
insert into serve(meal_id, waiter_id)
values('meal_12', 'mt_waiter01')
insert into serve(meal_id, waiter_id)
values('meal_13', 'mt_waiter04')
insert into serve(meal_id, waiter_id)
values('meal_13', 'mt_waiter03')
insert into serve(meal_id, waiter_id)
values('meal_14', 'mt_waiter02')
insert into serve(meal_id, waiter_id)
values('meal_14', 'mt_waiter03')
insert into serve(meal_id, waiter_id)
values('meal_15', 'mt_waiter04')
insert into serve(meal_id, waiter_id)
values('meal_16', 'mt_waiter03')
insert into serve(meal_id, waiter_id)
values('meal_17', 'mt_waiter03')
insert into serve(meal_id, waiter_id)
values('meal_17', 'mt_waiter02')
insert into serve(meal_id, waiter_id)
values('meal_17', 'mt_waiter01')
insert into serve(meal_id, waiter_id)
values('meal_18', 'mt_waiter02')
insert into serve(meal_id, waiter_id)
values('meal_19', 'mt_waiter01')
insert into serve(meal_id, waiter_id)
values('meal_20', 'mt_waiter03')
insert into serve(meal_id, waiter_id)
values('meal_20', 'mt_waiter04')
insert into serve(meal_id, waiter_id)
values('meal_21', 'mt_waiter02')
insert into serve(meal_id, waiter_id)
values('meal_22', 'mt_waiter01')
insert into serve(meal_id, waiter_id)
values('meal_22', 'mt_waiter02')
insert into serve(meal_id, waiter_id)
values('meal_23', 'mth_waiter03')
insert into serve(meal_id, waiter_id)
values('meal_24', 'mth_waiter03')
insert into serve(meal_id, waiter_id)
values('meal_25', 'mth_waiter01')
insert into serve(meal_id, waiter_id)
values('meal_25', 'mth_waiter03')
insert into serve(meal_id, waiter_id)
values('meal_26', 'mth_waiter04')
insert into serve(meal_id, waiter_id)
values('meal_27', 'mth_waiter05')
insert into serve(meal_id, waiter_id)
values('meal_28', 'mth_waiter01')
insert into serve(meal_id, waiter_id)
values('meal_29', 'mth_waiter01')
insert into serve(meal_id, waiter_id)
values('meal_30', 'mth_waiter04')
insert into serve(meal_id, waiter_id)
values('meal_30', 'mth_waiter05')
insert into serve(meal_id, waiter_id)
values('meal_31', 'mth_waiter03')
insert into serve(meal_id, waiter_id)
values('meal_32', 'mth_waiter03')
insert into serve(meal_id, waiter_id)
values('meal_33', 'mth_waiter04')
insert into serve(meal_id, waiter_id)
values('meal_33', 'mth_waiter05')
insert into serve(meal_id, waiter_id)
values('meal_34', 'mth_waiter05')
insert into serve(meal_id, waiter_id)
values('meal_35', 'mth_waiter04')
insert into serve(meal_id, waiter_id)
values('meal_35', 'mth_waiter03')
insert into serve(meal_id, waiter_id)
values('meal_36', 'lm_waiter03')
insert into serve(meal_id, waiter_id)
values('meal_37', 'lm_waiter04')
insert into serve(meal_id, waiter_id)
values('meal_38', 'lm_waiter02')
insert into serve(meal_id, waiter_id)
values('meal_38', 'lm_waiter01')
insert into serve(meal_id, waiter_id)
values('meal_39', 'lm_waiter02')
insert into serve(meal_id, waiter_id)
values('meal_40', 'lm_waiter02')
insert into serve(meal_id, waiter_id)
values('meal_40', 'lm_waiter01')
insert into serve(meal_id, waiter_id)
values('meal_41', 'lm_waiter02')
insert into serve(meal_id, waiter_id)
values('meal_42', 'lm_waiter04')
insert into serve(meal_id, waiter_id)
values('meal_43', 'lm_waiter04')
insert into serve(meal_id, waiter_id)
values('meal_43', 'lm_waiter01')
insert into serve(meal_id, waiter_id)
values('meal_44', 'lm_waiter01')
insert into serve(meal_id, waiter_id)
values('meal_45', 'lm_waiter03')
insert into serve(meal_id, waiter_id)
values('meal_46', 'lm_waiter02')
insert into serve(meal_id, waiter_id)
values('meal_47', 'lm_waiter01')
insert into serve(meal_id, waiter_id)
values('meal_47', 'lm_waiter04')
insert into serve(meal_id, waiter_id)
values('meal_48', 'lm_waiter02')
insert into serve(meal_id, waiter_id)
values('meal_49', 'lm_waiter03')
insert into serve(meal_id, waiter_id)
values('meal_49', 'lm_waiter04')
insert into serve(meal_id, waiter_id)
values('meal_50', 'lm_waiter04')
SELECT * FROM serve;

SELECT waiter_id FROM waiter WHERE res_id = 'res_04';
SELECT * FROM meal_detail;
SELECT booking_id ,hotel_booking_id, guest_booking_id
FROM booking 
WHERE hotel_booking_id = 'Hotel04';


SELECT h.* 
FROM hotel as h
INNER JOIN address as a 
ON h.address_hotel_id = a.address_id
WHERE district = N'Quận 10'

SELECT guest_id 
FROM guest 
WHERE sex = N'Nam'
INTERSECT 
SELECT guest_booking_id 
FROM booking 
WHERE payment_type = 'Cash';

SELECT room_type_id
FROM room_type
INTERSECT 
SELECT room_type_id
FROM room
WHERE price > 4000000

SELECT address_id 
FROM address WHERE district = N'Quận 10'
INTERSECT 
SELECT address_hotel_id 
FROM hotel WHERE open_time = '07:00:00';

SELECT service_id
FROM hotel_service
WHERE hotel_id = 'Hotel04' 
AND price > 300000
INTERSECT 
SELECT hotel_service_id
FROM service_used
WHERE count > 2; 